{"cameraMode":{"drawMode":0,"name":"Shaded","section":"Shading Mode"},"sceneLighting":false,"audioPlay":false,"sceneViewState":{"showFog":true,"showMaterialUpdate":true,"showSkybox":true,"showFlares":true,"showImageEffects":true,"showParticleSystems":true},"in2DMode":false,"pivot":{"x":-3.156730890274048,"y":1.68707275390625,"z":-5.660940170288086},"rotation":{"x":0.07969539612531662,"y":-0.021536720916628839,"z":0.0017223083414137364,"w":0.9965903759002686},"size":13.681892395019532,"orthographic":false}